{
  "latent_dim": 16,
  "beta": 10,
  "img_size": 64,
  "attributes": {
    "Smiling": {
      "direction": [
        -0.12725715339183807,
        -0.030048377811908722,
        0.03505433350801468,
        0.6341574192047119,
        0.02488125115633011,
        0.4953773021697998,
        0.154354989528656,
        0.06750565022230148,
        0.35712093114852905,
        0.3316577970981598,
        0.032189447432756424,
        0.008289874531328678,
        -0.046156544238328934,
        -0.20805740356445312,
        0.13938702642917633,
        0.040421709418296814
      ],
      "mean_pos": [
        -0.0846690982580185,
        -0.016555368900299072,
        0.021645382046699524,
        0.350517213344574,
        0.014317275956273079,
        0.24626471102237701,
        0.08353034406900406,
        0.017025692388415337,
        0.1966591626405716,
        0.1775205135345459,
        0.011787354946136475,
        0.007342665921896696,
        -0.032234661281108856,
        -0.08763740211725235,
        0.07080031931400299,
        0.03948726877570152
      ],
      "mean_neg": [
        0.04624410346150398,
        0.014356284402310848,
        -0.014416048303246498,
        -0.3018592596054077,
        -0.011278802528977394,
        -0.26334458589553833,
        -0.07525919377803802,
        -0.05241936445236206,
        -0.17072169482707977,
        -0.16366563737392426,
        -0.021326880902051926,
        -0.0011853730538859963,
        0.015247942879796028,
        0.12639738619327545,
        -0.07259123772382736,
        -0.0020957395900040865
      ],
      "best_dim": 3,
      "accuracy": 0.749,
      "n_pos": 9882,
      "n_neg": 10598
    },
    "Young": {
      "direction": [
        0.3533041179180145,
        -0.09632988274097443,
        -0.14560067653656006,
        -0.19429923593997955,
        0.3197826147079468,
        -0.2693978250026703,
        -0.2925258278846741,
        -0.011787972413003445,
        -0.2691754996776581,
        0.5126286149024963,
        0.030448252335190773,
        0.11246594041585922,
        0.0002604312030598521,
        0.06395991891622543,
        0.40984949469566345,
        0.1597241312265396
      ],
      "mean_pos": [
        0.033231206238269806,
        -0.014234224334359169,
        -0.017685241997241974,
        -0.014657593332231045,
        0.046468280255794525,
        -0.05569235607981682,
        -0.040167201310396194,
        -0.0205841101706028,
        -0.0316656194627285,
        0.07373643666505814,
        -0.001026162994094193,
        0.018895288929343224,
        -0.007626364007592201,
        0.03220132738351822,
        0.05478042736649513,
        0.04064343869686127
      ],
      "mean_neg": [
        -0.19045765697956085,
        0.04675550386309624,
        0.07449951022863388,
        0.10835987329483032,
        -0.15599699318408966,
        0.11487258970737457,
        0.1450408697128296,
        -0.013120743446052074,
        0.1387585550546646,
        -0.2508262097835541,
        -0.020303988829255104,
        -0.05231073126196861,
        -0.007791251875460148,
        -0.008293875493109226,
        -0.2047092467546463,
        -0.06048334762454033
      ],
      "best_dim": 9,
      "accuracy": 0.773,
      "n_pos": 15888,
      "n_neg": 4592
    },
    "Male": {
      "direction": [
        -0.24717487394809723,
        0.018220767378807068,
        0.2519915997982025,
        -0.2571207582950592,
        -0.2697892189025879,
        0.07884106040000916,
        0.32409417629241943,
        0.03246342018246651,
        -0.21189695596694946,
        -0.6022245287895203,
        -0.09236098825931549,
        -0.2559487521648407,
        -0.00870892871171236,
        -0.10574904084205627,
        0.26731741428375244,
        -0.24400082230567932
      ],
      "mean_pos": [
        -0.16936489939689636,
        0.010678160935640335,
        0.1583956629037857,
        -0.14564985036849976,
        -0.16531601548194885,
        0.031175369396805763,
        0.20123949646949768,
        0.0011105593293905258,
        -0.12413711845874786,
        -0.3704479932785034,
        -0.06231065094470978,
        -0.15492236614227295,
        -0.013034412637352943,
        -0.042097438126802444,
        0.16146132349967957,
        -0.1325143724679947
      ],
      "mean_neg": [
        0.09303125739097595,
        -0.008664660155773163,
        -0.10911383479833603,
        0.12730467319488525,
        0.12108710408210754,
        -0.05252080410718918,
        -0.14281272888183594,
        -0.03335199132561684,
        0.10080866515636444,
        0.2688620984554291,
        0.0357380174100399,
        0.11678795516490936,
        -0.003789179027080536,
        0.07016374170780182,
        -0.12231776863336563,
        0.1265122890472412
      ],
      "best_dim": 9,
      "accuracy": 0.756,
      "n_pos": 8582,
      "n_neg": 11898
    },
    "Eyeglasses": {
      "direction": [
        -0.15458513796329498,
        0.0627182200551033,
        0.08086217939853668,
        0.47344204783439636,
        -0.23332247138023376,
        0.4712256193161011,
        0.2764286994934082,
        0.0015464979223906994,
        -0.16485531628131866,
        -0.3983960449695587,
        -0.10306292027235031,
        -0.06292334944009781,
        -0.04545561969280243,
        -0.33761826157569885,
        -0.210524320602417,
        -0.16650789976119995
      ],
      "mean_pos": [
        -0.2205774486064911,
        0.08206695318222046,
        0.10951364040374756,
        0.636646568775177,
        -0.30631160736083984,
        0.6033528447151184,
        0.365532249212265,
        -0.016873281449079514,
        -0.21063672006130219,
        -0.5238911509513855,
        -0.1411256343126297,
        -0.07996685802936554,
        -0.06754742562770844,
        -0.42166319489479065,
        -0.2807508111000061,
        -0.20139174163341522
      ],
      "mean_neg": [
        -0.0026890006847679615,
        -0.006334660574793816,
        -0.004461963195353746,
        -0.030672119930386543,
        0.022557469084858894,
        -0.06084180250763893,
        -0.024095240980386734,
        -0.019053077325224876,
        0.02172759734094143,
        0.03764985501766205,
        0.004142018500715494,
        0.008723889477550983,
        -0.003477520775049925,
        0.054211247712373734,
        0.01598416641354561,
        0.033301904797554016
      ],
      "best_dim": 3,
      "accuracy": 0.951,
      "n_pos": 1338,
      "n_neg": 19142
    },
    "Bald": {
      "direction": [
        -0.08565253764390945,
        0.03881121054291725,
        0.08744857460260391,
        0.13088278472423553,
        -0.6812284588813782,
        0.03821512684226036,
        0.035195138305425644,
        0.003021428594365716,
        0.0977029874920845,
        -0.45299893617630005,
        -0.1653715968132019,
        -0.025668738409876823,
        0.039786338806152344,
        -0.07851176708936691,
        -0.48078495264053345,
        -0.13393138349056244
      ],
      "mean_pos": [
        -0.14406785368919373,
        0.05705268681049347,
        0.13279415667057037,
        0.20720934867858887,
        -1.01015305519104,
        0.03927838057279587,
        0.053604014217853546,
        -0.014425637200474739,
        0.1515783667564392,
        -0.6714744567871094,
        -0.25082844495773315,
        -0.035173460841178894,
        0.05139607936143875,
        -0.09342239052057266,
        -0.7170858383178711,
        -0.1808406561613083
      ],